symboling,normalized-losses,make,aspiration,num-of-doors,body-style,drive-wheels,engine-location,wheel-base,length,width,height,curb-weight,engine-type,num-of-cylinders,engine-size,fuel-system,bore,stroke,compression-ratio,horsepower,peak-rpm,city-mpg,highway-mpg,price,city-L/100km,highway-L/100km,horsepower-binned,fuel-type-diesel,fuel-type-gas,Car Size
3,121,alfa-romero,std,two,convertible,rwd,front,88.6,0.811148486304661,0.890277777777778,0.816053511705686,2548,dohc,four,130,mpfi,3.47,2.68,9,111,5000,21,27,13495,11.1904761904762,9.37037037037037,low,0,1,0.589310980360434
3,121,alfa-romero,std,two,convertible,rwd,front,88.6,0.811148486304661,0.890277777777778,0.816053511705686,2548,dohc,four,130,mpfi,3.47,2.68,9,111,5000,21,27,16500,11.1904761904762,9.37037037037037,low,0,1,0.589310980360434
1,121,alfa-romero,std,two,hatchback,rwd,front,94.5,0.822681403171552,0.909722222222222,0.876254180602007,2823,ohcv,six,152,mpfi,2.68,3.47,9,154,5000,19,26,16500,12.3684210526316,9.73076923076923,medium,0,1,0.655798753243544
2,164,audi,std,four,sedan,fwd,front,99.8,0.848630466122057,0.919444444444444,0.908026755852843,2337,ohc,four,109,mpfi,3.19,3.4,10,102,5500,24,30,13950,9.79166666666667,8.43333333333333,low,0,1,0.708504736006669
2,164,audi,std,four,sedan,4wd,front,99.4,0.848630466122057,0.922222222222222,0.908026755852843,2824,ohc,five,136,mpfi,3.19,3.4,8,115,5500,18,22,17450,13.0555555555556,11.5,low,0,1,0.710645233698532
2,121,audi,std,two,sedan,fwd,front,99.8,0.851994233541567,0.920833333333333,0.887959866220736,2507,ohc,five,136,mpfi,3.19,3.4,8.5,110,5500,19,25,15250,12.3684210526316,10.12,low,0,1,0.696644198023526
1,158,audi,std,four,sedan,fwd,front,105.8,0.925997116770783,0.991666666666667,0.931438127090301,2844,ohc,five,136,mpfi,3.19,3.4,8.5,110,5500,19,25,17710,12.3684210526316,10.12,low,0,1,0.855321444968197
1,121,audi,std,four,wagon,fwd,front,105.8,0.925997116770783,0.991666666666667,0.931438127090301,2954,ohc,five,136,mpfi,3.19,3.4,8.5,110,5500,19,25,18920,12.3684210526316,10.12,low,0,1,0.855321444968197
1,158,audi,turbo,four,sedan,fwd,front,105.8,0.925997116770783,0.991666666666667,0.934782608695652,3086,ohc,five,131,mpfi,3.13,3.4,8.3,140,5500,17,20,23875,13.8235294117647,12.65,medium,0,1,0.858392617122482
2,192,bmw,std,two,sedan,rwd,front,101.2,0.849591542527631,0.9,0.908026755852843,2395,ohc,four,108,mpfi,3.5,2.8,8.8,101,5800,23,29,16430,10.2173913043478,8.72413793103448,low,0,1,0.69430666694524
0,192,bmw,std,four,sedan,rwd,front,101.2,0.849591542527631,0.9,0.908026755852843,2395,ohc,four,108,mpfi,3.5,2.8,8.8,101,5800,23,29,16925,10.2173913043478,8.72413793103448,low,0,1,0.69430666694524
0,188,bmw,std,two,sedan,rwd,front,101.2,0.849591542527631,0.9,0.908026755852843,2710,ohc,six,164,mpfi,3.31,3.19,9,121,4250,21,28,20970,11.1904761904762,9.03571428571429,medium,0,1,0.69430666694524
0,188,bmw,std,four,sedan,rwd,front,101.2,0.849591542527631,0.9,0.908026755852843,2765,ohc,six,164,mpfi,3.31,3.19,9,121,4250,21,28,21105,11.1904761904762,9.03571428571429,medium,0,1,0.69430666694524
1,121,bmw,std,four,sedan,rwd,front,103.5,0.90821720326766,0.929166666666667,0.931438127090301,3055,ohc,six,164,mpfi,3.31,3.19,9,121,4250,20,25,24565,11.75,10.12,medium,0,1,0.786026804870954
0,121,bmw,std,four,sedan,rwd,front,103.5,0.90821720326766,0.929166666666667,0.931438127090301,3230,ohc,six,209,mpfi,3.62,3.39,8,182,5400,16,22,30760,14.6875,11.5,medium,0,1,0.786026804870954
0,121,bmw,std,two,sedan,rwd,front,103.5,0.931283037001442,0.943055555555556,0.897993311036789,3380,ohc,six,209,mpfi,3.62,3.39,8,182,5400,16,22,41315,14.6875,11.5,medium,0,1,0.788664099778374
0,121,bmw,std,four,sedan,rwd,front,110,0.94666025949063,0.984722222222222,0.941471571906355,3505,ohc,six,209,mpfi,3.62,3.39,8,182,5400,15,20,36880,15.6666666666667,12.65,medium,0,1,0.877637346246972
2,121,chevrolet,std,two,hatchback,fwd,front,88.4,0.678039404132629,0.8375,0.889632107023411,1488,l,three,61,2bbl,2.91,3.03,9.5,48,5100,47,53,5151,5,4.77358490566038,low,0,1,0.505184709885105
1,98,chevrolet,std,two,hatchback,fwd,front,94.5,0.749159058145123,0.883333333333333,0.869565217391304,1874,ohc,four,90,2bbl,3.03,3.11,9.6,70,5400,38,43,6295,6.18421052631579,5.88372093023256,low,0,1,0.575441015676688
0,81,chevrolet,std,four,sedan,fwd,front,94.5,0.763094666025949,0.883333333333333,0.869565217391304,1909,ohc,four,90,2bbl,3.03,3.11,9.6,70,5400,38,43,6575,6.18421052631579,5.88372093023256,low,0,1,0.586145178251816
1,118,dodge,std,two,hatchback,fwd,front,93.7,0.755886592984142,0.886111111111111,0.849498327759197,1876,ohc,four,90,2bbl,2.97,3.23,9.41,68,5500,37,41,5572,6.35135135135135,6.17073170731707,low,0,1,0.568993562645235
1,118,dodge,std,two,hatchback,fwd,front,93.7,0.755886592984142,0.886111111111111,0.849498327759197,1876,ohc,four,90,2bbl,2.97,3.23,9.4,68,5500,31,38,6377,7.58064516129032,6.65789473684211,low,0,1,0.568993562645235
1,118,dodge,turbo,two,hatchback,fwd,front,93.7,0.755886592984142,0.886111111111111,0.849498327759197,2128,ohc,four,98,mpfi,3.03,3.39,7.6,102,5500,24,30,7957,9.79166666666667,8.43333333333333,low,0,1,0.568993562645235
1,148,dodge,std,four,hatchback,fwd,front,93.7,0.755886592984142,0.886111111111111,0.846153846153846,1967,ohc,four,90,2bbl,2.97,3.23,9.4,68,5500,31,38,6229,7.58064516129032,6.65789473684211,low,0,1,0.566753430508837
1,148,dodge,std,four,sedan,fwd,front,93.7,0.755886592984142,0.886111111111111,0.846153846153846,1989,ohc,four,90,2bbl,2.97,3.23,9.4,68,5500,31,38,6692,7.58064516129032,6.65789473684211,low,0,1,0.566753430508837
1,148,dodge,std,four,sedan,fwd,front,93.7,0.755886592984142,0.886111111111111,0.846153846153846,1989,ohc,four,90,2bbl,2.97,3.23,9.4,68,5500,31,38,7609,7.58064516129032,6.65789473684211,low,0,1,0.566753430508837
1,148,dodge,turbo,four,sedan,fwd,front,93.7,0.755886592984142,0.886111111111111,0.846153846153846,2191,ohc,four,98,mpfi,3.03,3.39,7.6,102,5500,24,30,8558,9.79166666666667,8.43333333333333,low,0,1,0.566753430508837
-1,110,dodge,std,four,wagon,fwd,front,103.3,0.839019702066314,0.897222222222222,1,2535,ohc,four,122,2bbl,3.34,3.46,8.5,88,5000,24,30,8921,9.79166666666667,8.43333333333333,low,0,1,0.752787121576165
3,145,dodge,turbo,two,hatchback,fwd,front,95.9,0.832292167227294,0.920833333333333,0.839464882943144,2811,ohc,four,156,mfi,3.6,3.9,7,145,5000,19,24,12964,12.3684210526316,10.5416666666667,medium,0,1,0.64336787636936
2,137,honda,std,two,hatchback,fwd,front,86.6,0.694858241230178,0.8875,0.849498327759197,1713,ohc,four,92,1bbl,2.91,3.41,9.6,58,4800,49,54,6479,4.79591836734694,4.68518518518519,low,0,1,0.523874311134825
2,137,honda,std,two,hatchback,fwd,front,86.6,0.694858241230178,0.8875,0.849498327759197,1819,ohc,four,92,1bbl,2.91,3.41,9.2,76,6000,31,38,6855,7.58064516129032,6.65789473684211,low,0,1,0.523874311134825
1,101,honda,std,two,hatchback,fwd,front,93.7,0.720807304180682,0.888888888888889,0.879598662207358,1837,ohc,four,79,1bbl,2.91,3.07,10.1,60,5500,38,42,5399,6.18421052631579,6.02380952380952,low,0,1,0.56357434708144
1,101,honda,std,two,hatchback,fwd,front,93.7,0.720807304180682,0.888888888888889,0.879598662207358,1940,ohc,four,92,1bbl,2.91,3.41,9.2,76,6000,30,34,6529,7.83333333333333,7.44117647058824,low,0,1,0.56357434708144
1,101,honda,std,two,hatchback,fwd,front,93.7,0.720807304180682,0.888888888888889,0.879598662207358,1956,ohc,four,92,1bbl,2.91,3.41,9.2,76,6000,30,34,7129,7.83333333333333,7.44117647058824,low,0,1,0.56357434708144
0,110,honda,std,four,sedan,fwd,front,96.5,0.785199423354157,0.888888888888889,0.911371237458194,2010,ohc,four,92,1bbl,2.91,3.41,9.2,76,6000,30,34,7295,7.83333333333333,7.44117647058824,low,0,1,0.636096151212212
0,78,honda,std,four,wagon,fwd,front,96.5,0.754925516578568,0.8875,0.974916387959866,2024,ohc,four,92,1bbl,2.92,3.41,9.2,76,6000,30,34,7295,7.83333333333333,7.44117647058824,low,0,1,0.653190466298843
0,106,honda,std,two,hatchback,fwd,front,96.5,0.804901489668429,0.905555555555556,0.891304347826087,2236,ohc,four,110,1bbl,3.15,3.58,9,86,5800,27,33,7895,8.7037037037037,7.66666666666667,low,0,1,0.649656600900255
0,106,honda,std,two,hatchback,fwd,front,96.5,0.804901489668429,0.905555555555556,0.891304347826087,2289,ohc,four,110,1bbl,3.15,3.58,9,86,5800,27,33,9095,8.7037037037037,7.66666666666667,low,0,1,0.649656600900255
0,85,honda,std,four,sedan,fwd,front,96.5,0.842864007688611,0.905555555555556,0.904682274247492,2304,ohc,four,110,1bbl,3.15,3.58,9,86,5800,27,33,8845,8.7037037037037,7.66666666666667,low,0,1,0.690507959773363
0,85,honda,std,four,sedan,fwd,front,96.5,0.842864007688611,0.868055555555556,0.904682274247492,2372,ohc,four,110,1bbl,3.15,3.58,9,86,5800,27,33,10295,8.7037037037037,7.66666666666667,low,0,1,0.661913304997472
0,85,honda,std,four,sedan,fwd,front,96.5,0.842864007688611,0.905555555555556,0.904682274247492,2465,ohc,four,110,mpfi,3.15,3.58,9,101,5800,24,28,12945,9.79166666666667,9.03571428571429,low,0,1,0.690507959773363
1,107,honda,std,two,sedan,fwd,front,96.5,0.812590100913022,0.916666666666667,0.852842809364548,2293,ohc,four,110,2bbl,3.15,3.58,9.1,100,5500,25,31,10345,9.4,8.16129032258065,low,0,1,0.63526065581411
0,121,isuzu,std,four,sedan,rwd,front,94.3,0.820278712157617,0.858333333333333,0.894648829431438,2337,ohc,four,111,2bbl,3.31,3.23,8.5,78,4800,24,29,6785,9.79166666666667,8.72413793103448,low,0,1,0.629897692773766
2,121,isuzu,std,two,hatchback,rwd,front,96,0.829408938010572,0.905555555555556,0.859531772575251,2734,ohc,four,119,spfi,3.43,3.23,9.2,90,5000,24,29,11048,9.79166666666667,8.72413793103448,low,0,1,0.645573575291729
0,145,jaguar,std,four,sedan,rwd,front,113,0.959154252763095,0.966666666666666,0.882943143812709,4066,dohc,six,258,mpfi,3.63,4.17,8.1,176,4750,15,19,32250,15.6666666666667,13.3157894736842,medium,0,1,0.818649382291444
0,121,jaguar,std,four,sedan,rwd,front,113,0.959154252763095,0.966666666666666,0.882943143812709,4066,dohc,six,258,mpfi,3.63,4.17,8.1,176,4750,15,19,35550,15.6666666666667,13.3157894736842,medium,0,1,0.818649382291444
0,121,jaguar,std,two,sedan,rwd,front,102,0.921191734742912,0.980555555555556,0.79933110367893,3950,ohcv,twelve,326,mpfi,3.54,2.76,11.5,262,5000,13,17,36000,18.0769230769231,14.8823529411765,high,0,1,0.722019538136894
1,104,mazda,std,two,hatchback,fwd,front,93.1,0.76453628063431,0.891666666666667,0.904682274247492,1890,ohc,four,91,2bbl,3.03,3.15,9,68,5000,30,31,5195,7.83333333333333,8.16129032258065,low,0,1,0.616732325488828
1,104,mazda,std,two,hatchback,fwd,front,93.1,0.76453628063431,0.891666666666667,0.904682274247492,1900,ohc,four,91,2bbl,3.03,3.15,9,68,5000,31,38,6095,7.58064516129032,6.65789473684211,low,0,1,0.616732325488828
1,104,mazda,std,two,hatchback,fwd,front,93.1,0.76453628063431,0.891666666666667,0.904682274247492,1905,ohc,four,91,2bbl,3.03,3.15,9,68,5000,31,38,6795,7.58064516129032,6.65789473684211,low,0,1,0.616732325488828
1,113,mazda,std,four,sedan,fwd,front,93.1,0.801537722248919,0.891666666666667,0.904682274247492,1945,ohc,four,91,2bbl,3.03,3.15,9,68,5000,31,38,6695,7.58064516129032,6.65789473684211,low,0,1,0.646580464434548
1,113,mazda,std,four,sedan,fwd,front,93.1,0.801537722248919,0.891666666666667,0.904682274247492,1950,ohc,four,91,2bbl,3.08,3.15,9,68,5000,31,38,7395,7.58064516129032,6.65789473684211,low,0,1,0.646580464434548
3,150,mazda,std,two,hatchback,rwd,front,95.3,0.812109562710235,0.9125,0.82943143812709,2380,rotor,two,70,4bbl,3.3135294117647,3.25615384615384,9.4,101,6000,17,23,10945,13.8235294117647,11,low,0,1,0.614650147295406
3,150,mazda,std,two,hatchback,rwd,front,95.3,0.812109562710235,0.9125,0.82943143812709,2380,rotor,two,70,4bbl,3.3135294117647,3.25615384615384,9.4,101,6000,17,23,11845,13.8235294117647,11,low,0,1,0.614650147295406
3,150,mazda,std,two,hatchback,rwd,front,95.3,0.812109562710235,0.9125,0.82943143812709,2385,rotor,two,70,4bbl,3.3135294117647,3.25615384615384,9.4,101,6000,17,23,13645,13.8235294117647,11,low,0,1,0.614650147295406
3,150,mazda,std,two,hatchback,rwd,front,95.3,0.812109562710235,0.9125,0.82943143812709,2500,rotor,two,80,mpfi,3.3135294117647,3.25615384615384,9.4,135,6000,16,23,15645,14.6875,11,medium,0,1,0.614650147295406
1,129,mazda,std,two,hatchback,fwd,front,98.8,0.854396924555502,0.923611111111111,0.897993311036789,2385,ohc,four,122,2bbl,3.39,3.39,8.6,84,4800,26,32,8845,9.03846153846154,7.90625,low,0,1,0.708633904086289
0,115,mazda,std,four,sedan,fwd,front,98.8,0.854396924555502,0.923611111111111,0.92809364548495,2410,ohc,four,122,2bbl,3.39,3.39,8.6,84,4800,26,32,8495,9.03846153846154,7.90625,low,0,1,0.732386995843371
1,129,mazda,std,two,hatchback,fwd,front,98.8,0.854396924555502,0.923611111111111,0.897993311036789,2385,ohc,four,122,2bbl,3.39,3.39,8.6,84,4800,26,32,10595,9.03846153846154,7.90625,low,0,1,0.708633904086289
0,115,mazda,std,four,sedan,fwd,front,98.8,0.854396924555502,0.923611111111111,0.92809364548495,2410,ohc,four,122,2bbl,3.39,3.39,8.6,84,4800,26,32,10245,9.03846153846154,7.90625,low,0,1,0.732386995843371
0,121,mazda,std,four,sedan,fwd,front,98.8,0.854396924555502,0.923611111111111,0.92809364548495,2443,ohc,four,122,idi,3.39,3.39,22.7,64,4650,36,42,10795,6.52777777777778,6.02380952380952,low,1,0,0.732386995843371
0,115,mazda,std,four,hatchback,fwd,front,98.8,0.854396924555502,0.923611111111111,0.92809364548495,2425,ohc,four,122,2bbl,3.39,3.39,8.6,84,4800,26,32,11245,9.03846153846154,7.90625,low,0,1,0.732386995843371
0,118,mazda,std,four,sedan,rwd,front,104.9,0.840941854877463,0.918055555555556,0.909698996655518,2670,ohc,four,140,mpfi,3.76,3.16,8,120,5000,19,27,18280,12.3684210526316,9.37037037037037,medium,0,1,0.702316136994281
0,121,mazda,std,four,sedan,rwd,front,104.9,0.840941854877463,0.918055555555556,0.909698996655518,2700,ohc,four,134,idi,3.43,3.64,22,72,4200,31,39,18344,7.58064516129032,6.48717948717949,low,1,0,0.702316136994281
-1,93,mercedes-benz,turbo,four,sedan,rwd,front,110,0.917347429120615,0.976388888888889,0.944816053511706,3515,ohc,five,183,idi,3.58,3.64,21.5,123,4350,22,25,25552,10.6818181818182,10.12,medium,1,0,0.846260247374496
-1,93,mercedes-benz,turbo,four,wagon,rwd,front,110,0.917347429120615,0.976388888888889,0.981605351170569,3750,ohc,five,183,idi,3.58,3.64,21.5,123,4350,22,25,28248,10.6818181818182,10.12,medium,1,0,0.879211973820936
0,93,mercedes-benz,turbo,two,hardtop,rwd,front,106.7,0.901009130225853,0.976388888888889,0.918060200668896,3495,ohc,five,183,idi,3.58,3.64,21.5,123,4350,22,25,28176,10.6818181818182,10.12,medium,1,0,0.807649969303412
-1,93,mercedes-benz,turbo,four,sedan,rwd,front,115.6,0.973570398846708,0.995833333333333,0.941471571906355,3770,ohc,five,183,idi,3.58,3.64,21.5,123,4350,22,25,31600,10.6818181818182,10.12,medium,1,0,0.912769733539692
-1,121,mercedes-benz,std,four,sedan,rwd,front,115.6,0.973570398846708,0.995833333333333,0.944816053511706,3740,ohcv,eight,234,mpfi,3.46,3.1,8.3,155,4750,16,18,34184,14.6875,14.0555555555556,medium,0,1,0.916012254795605
3,142,mercedes-benz,std,two,convertible,rwd,front,96.6,0.86641037962518,0.979166666666667,0.849498327759197,3685,ohcv,eight,234,mpfi,3.46,3.1,8.3,155,4750,16,18,35056,14.6875,14.0555555555556,medium,0,1,0.720680540131369
0,121,mercedes-benz,std,four,sedan,rwd,front,120.9,1,0.995833333333333,0.948160535117057,3900,ohcv,eight,308,mpfi,3.8,3.35,8,184,4500,14,16,40960,16.7857142857143,15.8125,medium,0,1,0.944209866220736
1,121,mercedes-benz,std,two,hardtop,rwd,front,112,0.957232099951946,1,0.926421404682274,3715,ohcv,eight,304,mpfi,3.8,3.35,8,184,4500,14,16,45400,16.7857142857143,15.8125,medium,0,1,0.886800306644445
1,121,mercury,turbo,two,hatchback,rwd,front,102.7,0.857280153772225,0.944444444444444,0.916387959866221,2910,ohc,four,140,mpfi,3.78,3.12,8,175,5000,19,24,16503,12.3684210526316,10.5416666666667,medium,0,1,0.741956699418622
2,161,mitsubishi,std,two,hatchback,fwd,front,93.7,0.755886592984142,0.894444444444444,0.849498327759197,1918,ohc,four,92,2bbl,2.97,3.23,9.4,68,5500,37,41,5389,6.35135135135135,6.17073170731707,low,0,1,0.574344599284532
2,161,mitsubishi,std,two,hatchback,fwd,front,93.7,0.755886592984142,0.894444444444444,0.849498327759197,1944,ohc,four,92,2bbl,2.97,3.23,9.4,68,5500,31,38,6189,7.58064516129032,6.65789473684211,low,0,1,0.574344599284532
2,161,mitsubishi,std,two,hatchback,fwd,front,93.7,0.755886592984142,0.894444444444444,0.849498327759197,2004,ohc,four,92,2bbl,2.97,3.23,9.4,68,5500,31,38,6669,7.58064516129032,6.65789473684211,low,0,1,0.574344599284532
1,161,mitsubishi,turbo,two,hatchback,fwd,front,93,0.755886592984142,0.886111111111111,0.849498327759197,2145,ohc,four,98,spdi,3.03,3.39,7.6,102,5500,24,30,7689,9.79166666666667,8.43333333333333,low,0,1,0.568993562645235
3,153,mitsubishi,turbo,two,hatchback,fwd,front,96.3,0.83133109082172,0.908333333333333,0.826086956521739,2370,ohc,four,110,spdi,3.17,3.46,7.5,116,5500,23,30,9959,10.2173913043478,8.43333333333333,low,0,1,0.623799525033255
3,153,mitsubishi,std,two,hatchback,fwd,front,96.3,0.83133109082172,0.908333333333333,0.826086956521739,2328,ohc,four,122,2bbl,3.35,3.46,8.5,88,5000,25,32,8499,9.4,7.90625,low,0,1,0.623799525033255
3,121,mitsubishi,turbo,two,hatchback,fwd,front,95.9,0.832292167227294,0.920833333333333,0.839464882943144,2833,ohc,four,156,spdi,3.58,3.86,7,145,5000,19,24,12629,12.3684210526316,10.5416666666667,medium,0,1,0.64336787636936
3,121,mitsubishi,turbo,two,hatchback,fwd,front,95.9,0.832292167227294,0.920833333333333,0.839464882943144,2921,ohc,four,156,spdi,3.59,3.86,7,145,5000,19,24,14869,12.3684210526316,10.5416666666667,medium,0,1,0.64336787636936
3,121,mitsubishi,turbo,two,hatchback,fwd,front,95.9,0.832292167227294,0.920833333333333,0.839464882943144,2926,ohc,four,156,spdi,3.59,3.86,7,145,5000,19,24,14489,12.3684210526316,10.5416666666667,medium,0,1,0.64336787636936
1,125,mitsubishi,std,four,sedan,fwd,front,96.3,0.828447861604998,0.908333333333333,0.862876254180602,2365,ohc,four,122,2bbl,3.35,3.46,8.5,88,5000,25,32,6989,9.4,7.90625,low,0,1,0.649320255408466
1,125,mitsubishi,std,four,sedan,fwd,front,96.3,0.828447861604998,0.908333333333333,0.862876254180602,2405,ohc,four,122,2bbl,3.35,3.46,8.5,88,5000,25,32,8189,9.4,7.90625,low,0,1,0.649320255408466
1,125,mitsubishi,turbo,four,sedan,fwd,front,96.3,0.828447861604998,0.908333333333333,0.862876254180602,2403,ohc,four,110,spdi,3.17,3.46,7.5,116,5500,23,30,9279,10.2173913043478,8.43333333333333,low,0,1,0.649320255408466
-1,137,mitsubishi,std,four,sedan,fwd,front,96.3,0.828447861604998,0.908333333333333,0.862876254180602,2403,ohc,four,110,spdi,3.17,3.46,7.5,116,5500,23,30,9279,10.2173913043478,8.43333333333333,low,0,1,0.649320255408466
1,128,nissan,std,two,sedan,fwd,front,94.5,0.794329649207112,0.886111111111111,0.911371237458194,1889,ohc,four,97,2bbl,3.15,3.29,9.4,69,5200,31,37,5499,7.58064516129032,6.83783783783784,low,0,1,0.641481703655251
1,128,nissan,std,two,sedan,fwd,front,94.5,0.794329649207112,0.886111111111111,0.911371237458194,2017,ohc,four,103,idi,2.99,3.47,21.9,55,4800,45,50,7099,5.22222222222222,5.06,low,1,0,0.641481703655251
1,128,nissan,std,two,sedan,fwd,front,94.5,0.794329649207112,0.886111111111111,0.911371237458194,1918,ohc,four,97,2bbl,3.15,3.29,9.4,69,5200,31,37,6649,7.58064516129032,6.83783783783784,low,0,1,0.641481703655251
1,122,nissan,std,four,sedan,fwd,front,94.5,0.794329649207112,0.886111111111111,0.911371237458194,1938,ohc,four,97,2bbl,3.15,3.29,9.4,69,5200,31,37,6849,7.58064516129032,6.83783783783784,low,0,1,0.641481703655251
1,103,nissan,std,four,wagon,fwd,front,94.5,0.817876021143681,0.886111111111111,0.894648829431438,2024,ohc,four,97,2bbl,3.15,3.29,9.4,69,5200,31,37,7349,7.58064516129032,6.83783783783784,low,0,1,0.648377978207387
1,128,nissan,std,two,sedan,fwd,front,94.5,0.794329649207112,0.886111111111111,0.911371237458194,1951,ohc,four,97,2bbl,3.15,3.29,9.4,69,5200,31,37,7299,7.58064516129032,6.83783783783784,low,0,1,0.641481703655251
1,128,nissan,std,two,hatchback,fwd,front,94.5,0.795771263815473,0.886111111111111,0.891304347826087,2028,ohc,four,97,2bbl,3.15,3.29,9.4,69,5200,31,37,7799,7.58064516129032,6.83783783783784,low,0,1,0.628495915425276
1,122,nissan,std,four,sedan,fwd,front,94.5,0.794329649207112,0.886111111111111,0.911371237458194,1971,ohc,four,97,2bbl,3.15,3.29,9.4,69,5200,31,37,7499,7.58064516129032,6.83783783783784,low,0,1,0.641481703655251
1,103,nissan,std,four,wagon,fwd,front,94.5,0.817876021143681,0.886111111111111,0.894648829431438,2037,ohc,four,97,2bbl,3.15,3.29,9.4,69,5200,31,37,7999,7.58064516129032,6.83783783783784,low,0,1,0.648377978207387
2,168,nissan,std,two,hardtop,fwd,front,95.1,0.780394041326286,0.886111111111111,0.891304347826087,2008,ohc,four,97,2bbl,3.15,3.29,9.4,69,5200,31,37,8249,7.58064516129032,6.83783783783784,low,0,1,0.616351066818025
0,106,nissan,std,four,hatchback,fwd,front,97.2,0.833253243632869,0.905555555555556,0.914715719063545,2324,ohc,four,120,2bbl,3.33,3.47,8.5,97,5200,27,34,8949,8.7037037037037,7.44117647058824,low,0,1,0.690205243920013
0,106,nissan,std,four,sedan,fwd,front,97.2,0.833253243632869,0.905555555555556,0.914715719063545,2302,ohc,four,120,2bbl,3.33,3.47,8.5,97,5200,27,34,9549,8.7037037037037,7.44117647058824,low,0,1,0.690205243920013
0,128,nissan,std,four,sedan,fwd,front,100.4,0.8731379144642,0.923611111111111,0.921404682274248,3095,ohcv,six,181,mpfi,3.43,3.27,9,152,5200,17,22,13499,13.8235294117647,11.5,medium,0,1,0.74305748078874
0,108,nissan,std,four,wagon,fwd,front,100.4,0.887073522345026,0.923611111111111,0.938127090301003,3296,ohcv,six,181,mpfi,3.43,3.27,9,152,5200,17,22,14399,13.8235294117647,11.5,medium,0,1,0.768617808467223
0,108,nissan,std,four,sedan,fwd,front,100.4,0.887073522345026,0.923611111111111,0.921404682274248,3060,ohcv,six,181,mpfi,3.43,3.27,9,152,5200,19,25,13499,12.3684210526316,10.12,medium,0,1,0.754916956266381
3,194,nissan,std,two,hatchback,rwd,front,91.3,0.820278712157617,0.943055555555556,0.831103678929766,3071,ohcv,six,181,mpfi,3.43,3.27,9,160,5200,19,25,17199,12.3684210526316,10.12,medium,0,1,0.642915540321548
3,194,nissan,turbo,two,hatchback,rwd,front,91.3,0.820278712157617,0.943055555555556,0.831103678929766,3139,ohcv,six,181,mpfi,3.43,3.27,7.8,200,5200,17,23,19699,13.8235294117647,11,high,0,1,0.642915540321548
1,231,nissan,std,two,hatchback,rwd,front,99.2,0.857760691975012,0.943055555555556,0.831103678929766,3139,ohcv,six,181,mpfi,3.43,3.27,9,160,5200,19,25,18399,12.3684210526316,10.12,medium,0,1,0.67229305183009
0,161,peugot,std,four,sedan,rwd,front,107.9,0.897164824603556,0.95,0.948160535117057,3020,l,four,120,mpfi,3.46,3.19,8.4,97,5000,19,24,11900,12.3684210526316,10.5416666666667,low,0,1,0.808123466175093
0,161,peugot,turbo,four,sedan,rwd,front,107.9,0.897164824603556,0.95,0.948160535117057,3197,l,four,152,idi,3.7,3.52,21,95,4150,28,33,13200,8.39285714285714,7.66666666666667,low,1,0,0.808123466175093
0,121,peugot,std,four,wagon,rwd,front,114.2,0.955790485343585,0.95,0.981605351170569,3230,l,four,120,mpfi,3.46,3.19,8.4,97,5000,19,24,12440,12.3684210526316,10.5416666666667,low,0,1,0.891298602260619
0,121,peugot,turbo,four,wagon,rwd,front,114.2,0.955790485343585,0.95,0.981605351170569,3430,l,four,152,idi,3.7,3.52,21,95,4150,25,25,13860,9.4,10.12,low,1,0,0.891298602260619
0,161,peugot,std,four,sedan,rwd,front,107.9,0.897164824603556,0.95,0.948160535117057,3075,l,four,120,mpfi,3.46,2.19,8.4,95,5000,19,24,15580,12.3684210526316,10.5416666666667,low,0,1,0.808123466175093
0,161,peugot,turbo,four,sedan,rwd,front,107.9,0.897164824603556,0.95,0.948160535117057,3252,l,four,152,idi,3.7,3.52,21,95,4150,28,33,16900,8.39285714285714,7.66666666666667,low,1,0,0.808123466175093
0,121,peugot,std,four,wagon,rwd,front,114.2,0.955790485343585,0.95,0.948160535117057,3285,l,four,120,mpfi,3.46,2.19,8.4,95,5000,19,24,16695,12.3684210526316,10.5416666666667,low,0,1,0.860930677141007
0,121,peugot,turbo,four,wagon,rwd,front,114.2,0.955790485343585,0.95,0.981605351170569,3485,l,four,152,idi,3.7,3.52,21,95,4150,25,25,17075,9.4,10.12,low,1,0,0.891298602260619
0,161,peugot,std,four,sedan,rwd,front,107.9,0.897164824603556,0.95,0.948160535117057,3075,l,four,120,mpfi,3.46,3.19,8.4,97,5000,19,24,16630,12.3684210526316,10.5416666666667,low,0,1,0.808123466175093
0,161,peugot,turbo,four,sedan,rwd,front,107.9,0.897164824603556,0.95,0.948160535117057,3252,l,four,152,idi,3.7,3.52,21,95,4150,28,33,17950,8.39285714285714,7.66666666666667,low,1,0,0.808123466175093
0,161,peugot,turbo,four,sedan,rwd,front,108,0.897164824603556,0.948611111111111,0.936454849498328,3130,l,four,134,mpfi,3.61,3.21,7,142,5600,18,24,18150,13.0555555555556,10.5416666666667,medium,0,1,0.796979752216574
1,119,plymouth,std,two,hatchback,fwd,front,93.7,0.755886592984142,0.886111111111111,0.849498327759197,1918,ohc,four,90,2bbl,2.97,3.23,9.4,68,5500,37,41,5572,6.35135135135135,6.17073170731707,low,0,1,0.568993562645235
1,119,plymouth,turbo,two,hatchback,fwd,front,93.7,0.755886592984142,0.886111111111111,0.849498327759197,2128,ohc,four,98,spdi,3.03,3.39,7.6,102,5500,24,30,7957,9.79166666666667,8.43333333333333,low,0,1,0.568993562645235
1,154,plymouth,std,four,hatchback,fwd,front,93.7,0.755886592984142,0.886111111111111,0.846153846153846,1967,ohc,four,90,2bbl,2.97,3.23,9.4,68,5500,31,38,6229,7.58064516129032,6.65789473684211,low,0,1,0.566753430508837
1,154,plymouth,std,four,sedan,fwd,front,93.7,0.803940413262854,0.886111111111111,0.849498327759197,1989,ohc,four,90,2bbl,2.97,3.23,9.4,68,5500,31,38,6692,7.58064516129032,6.65789473684211,low,0,1,0.605166071395727
1,154,plymouth,std,four,sedan,fwd,front,93.7,0.803940413262854,0.886111111111111,0.849498327759197,2191,ohc,four,98,2bbl,2.97,3.23,9.4,68,5500,31,38,7609,7.58064516129032,6.65789473684211,low,0,1,0.605166071395727
-1,74,plymouth,std,four,wagon,fwd,front,103.3,0.839019702066314,0.897222222222222,1,2535,ohc,four,122,2bbl,3.35,3.46,8.5,88,5000,24,30,8921,9.79166666666667,8.43333333333333,low,0,1,0.752787121576165
3,121,plymouth,turbo,two,hatchback,rwd,front,95.9,0.832292167227294,0.920833333333333,0.839464882943144,2818,ohc,four,156,spdi,3.59,3.86,7,145,5000,19,24,12764,12.3684210526316,10.5416666666667,medium,0,1,0.64336787636936
3,186,porsche,std,two,hatchback,rwd,front,94.5,0.811629024507448,0.948611111111111,0.839464882943144,2778,ohc,four,151,mpfi,3.94,3.11,9.5,143,5500,19,27,22018,12.3684210526316,9.37037037037037,medium,0,1,0.64632106353765
3,121,porsche,std,two,hardtop,rwd,rear,89.5,0.811629024507448,0.902777777777778,0.862876254180602,2756,ohcf,six,194,mpfi,3.74,2.9,9.5,207,5900,17,25,32528,13.8235294117647,10.12,high,0,1,0.632247247351817
3,121,porsche,std,two,hardtop,rwd,rear,89.5,0.811629024507448,0.902777777777778,0.862876254180602,2756,ohcf,six,194,mpfi,3.74,2.9,9.5,207,5900,17,25,34028,13.8235294117647,10.12,high,0,1,0.632247247351817
3,121,porsche,std,two,convertible,rwd,rear,89.5,0.811629024507448,0.902777777777778,0.862876254180602,2800,ohcf,six,194,mpfi,3.74,2.9,9.5,207,5900,17,25,37028,13.8235294117647,10.12,high,0,1,0.632247247351817
0,121,renault,std,four,wagon,fwd,front,96.1,0.872176838058626,0.923611111111111,0.923076923076923,2579,ohc,four,132,mpfi,3.46,3.9,8.7,103.156950672646,5130.94170403588,23,31,9295,10.2173913043478,8.16129032258065,low,0,1,0.743586663216649
2,121,renault,std,two,hatchback,fwd,front,96.1,0.849591542527631,0.925,0.844481605351171,2460,ohc,four,132,mpfi,3.46,3.9,8.7,103.156950672646,5130.94170403588,23,31,9895,10.2173913043478,8.16129032258065,low,0,1,0.663654597497023
3,150,saab,std,two,hatchback,fwd,front,99.1,0.896684286400769,0.923611111111111,0.938127090301003,2658,ohc,four,121,mpfi,3.54,3.07,9.31,110,5250,21,28,11850,11.1904761904762,9.03571428571429,low,0,1,0.77694519534119
2,104,saab,std,four,sedan,fwd,front,99.1,0.896684286400769,0.923611111111111,0.938127090301003,2695,ohc,four,121,mpfi,3.54,3.07,9.3,110,5250,21,28,12170,11.1904761904762,9.03571428571429,low,0,1,0.77694519534119
3,150,saab,std,two,hatchback,fwd,front,99.1,0.896684286400769,0.923611111111111,0.938127090301003,2707,ohc,four,121,mpfi,2.54,2.07,9.3,110,5250,21,28,15040,11.1904761904762,9.03571428571429,low,0,1,0.77694519534119
2,104,saab,std,four,sedan,fwd,front,99.1,0.896684286400769,0.923611111111111,0.938127090301003,2758,ohc,four,121,mpfi,3.54,3.07,9.3,110,5250,21,28,15510,11.1904761904762,9.03571428571429,low,0,1,0.77694519534119
3,150,saab,turbo,two,hatchback,fwd,front,99.1,0.896684286400769,0.923611111111111,0.938127090301003,2808,dohc,four,121,mpfi,3.54,3.07,9,160,5500,19,26,18150,12.3684210526316,9.73076923076923,medium,0,1,0.77694519534119
2,104,saab,turbo,four,sedan,fwd,front,99.1,0.896684286400769,0.923611111111111,0.938127090301003,2847,dohc,four,121,mpfi,3.54,3.07,9,160,5500,19,26,18620,12.3684210526316,9.73076923076923,medium,0,1,0.77694519534119
2,83,subaru,std,two,hatchback,fwd,front,93.7,0.753964440172994,0.880555555555556,0.897993311036789,2050,ohcf,four,97,2bbl,3.62,2.36,9,69,4900,31,36,5118,7.58064516129032,7.02777777777778,low,0,1,0.596184562830772
2,83,subaru,std,two,hatchback,fwd,front,93.7,0.758769822200865,0.883333333333333,0.897993311036789,2120,ohcf,four,108,2bbl,3.62,2.64,8.7,73,4400,26,31,7053,9.03846153846154,8.16129032258065,low,0,1,0.601877032041773
2,83,subaru,std,two,hatchback,4wd,front,93.3,0.755886592984142,0.886111111111111,0.931438127090301,2240,ohcf,four,108,2bbl,3.62,2.64,8.7,73,4400,26,31,7603,9.03846153846154,8.16129032258065,low,0,1,0.623876799987
0,102,subaru,std,four,sedan,fwd,front,97.2,0.826525708793849,0.908333333333333,0.877926421404682,2145,ohcf,four,108,2bbl,3.62,2.64,9.5,82,4800,32,37,7126,7.34375,6.83783783783784,low,0,1,0.659112788262654
0,102,subaru,std,four,sedan,fwd,front,97.2,0.826525708793849,0.908333333333333,0.877926421404682,2190,ohcf,four,108,2bbl,3.62,2.64,9.5,82,4400,28,33,7775,8.39285714285714,7.66666666666667,low,0,1,0.659112788262654
0,102,subaru,std,four,sedan,fwd,front,97.2,0.826525708793849,0.908333333333333,0.877926421404682,2340,ohcf,four,108,mpfi,3.62,2.64,9,94,5200,26,32,9960,9.03846153846154,7.90625,low,0,1,0.659112788262654
0,102,subaru,std,four,sedan,4wd,front,97,0.826525708793849,0.908333333333333,0.908026755852843,2385,ohcf,four,108,2bbl,3.62,2.64,9,82,4800,24,25,9233,9.79166666666667,10.12,low,0,1,0.681710941003087
0,102,subaru,turbo,four,sedan,4wd,front,97,0.826525708793849,0.908333333333333,0.908026755852843,2510,ohcf,four,108,mpfi,3.62,2.64,7.7,111,4800,24,29,11259,9.79166666666667,8.72413793103448,low,0,1,0.681710941003087
0,89,subaru,std,four,wagon,fwd,front,97,0.833733781835656,0.908333333333333,0.88628762541806,2290,ohcf,four,108,2bbl,3.62,2.64,9,82,4800,28,32,7463,8.39285714285714,7.90625,low,0,1,0.671192873141665
0,89,subaru,std,four,wagon,fwd,front,97,0.833733781835656,0.908333333333333,0.88628762541806,2455,ohcf,four,108,mpfi,3.62,2.64,9,94,5200,25,31,10198,9.4,8.16129032258065,low,0,1,0.671192873141665
0,85,subaru,std,four,wagon,4wd,front,96.9,0.834214320038443,0.908333333333333,0.918060200668896,2420,ohcf,four,108,2bbl,3.62,2.64,9,82,4800,23,29,8013,10.2173913043478,8.72413793103448,low,0,1,0.695655227500285
0,85,subaru,turbo,four,wagon,4wd,front,96.9,0.834214320038443,0.908333333333333,0.918060200668896,2650,ohcf,four,108,mpfi,3.62,2.64,7.7,111,4800,23,23,11694,10.2173913043478,11,low,0,1,0.695655227500285
1,87,toyota,std,two,hatchback,fwd,front,95.7,0.762614127823162,0.883333333333333,0.911371237458194,1985,ohc,four,92,2bbl,3.05,3.03,9,62,4800,35,39,5348,6.71428571428571,6.48717948717949,low,0,1,0.613938380216612
1,87,toyota,std,two,hatchback,fwd,front,95.7,0.762614127823162,0.883333333333333,0.911371237458194,2040,ohc,four,92,2bbl,3.05,3.03,9,62,4800,31,38,6338,7.58064516129032,6.65789473684211,low,0,1,0.613938380216612
1,74,toyota,std,four,hatchback,fwd,front,95.7,0.762614127823162,0.883333333333333,0.911371237458194,2015,ohc,four,92,2bbl,3.05,3.03,9,62,4800,31,38,6488,7.58064516129032,6.65789473684211,low,0,1,0.613938380216612
0,77,toyota,std,four,wagon,fwd,front,95.7,0.815473330129745,0.883333333333333,0.988294314381271,2280,ohc,four,92,2bbl,3.05,3.03,9,62,4800,31,37,6918,7.58064516129032,6.83783783783784,low,0,1,0.711902762532163
0,81,toyota,std,four,wagon,4wd,front,95.7,0.815473330129745,0.883333333333333,0.988294314381271,2290,ohc,four,92,2bbl,3.05,3.03,9,62,4800,27,32,7898,8.7037037037037,7.90625,low,0,1,0.711902762532163
0,91,toyota,std,four,wagon,4wd,front,95.7,0.815473330129745,0.883333333333333,0.988294314381271,3110,ohc,four,92,2bbl,3.05,3.03,9,62,4800,27,32,8778,8.7037037037037,7.90625,low,0,1,0.711902762532163
0,91,toyota,std,four,sedan,fwd,front,95.7,0.799135031234983,0.894444444444444,0.88628762541806,2081,ohc,four,98,2bbl,3.19,3.03,9,70,4800,30,37,6938,7.83333333333333,6.83783783783784,low,0,1,0.633502343137134
0,91,toyota,std,four,hatchback,fwd,front,95.7,0.799135031234983,0.894444444444444,0.882943143812709,2109,ohc,four,98,2bbl,3.19,3.03,9,70,4800,30,37,7198,7.83333333333333,6.83783783783784,low,0,1,0.631111768257371
0,91,toyota,std,four,sedan,fwd,front,95.7,0.799135031234983,0.894444444444444,0.88628762541806,2275,ohc,four,110,idi,3.27,3.35,22.5,56,4500,34,36,7898,6.91176470588235,7.02777777777778,low,1,0,0.633502343137134
0,91,toyota,std,four,hatchback,fwd,front,95.7,0.799135031234983,0.894444444444444,0.882943143812709,2275,ohc,four,110,idi,3.27,3.35,22.5,56,4500,38,47,7788,6.18421052631579,5.38297872340426,low,1,0,0.631111768257371
0,91,toyota,std,four,sedan,fwd,front,95.7,0.799135031234983,0.894444444444444,0.88628762541806,2094,ohc,four,98,2bbl,3.19,3.03,9,70,4800,38,47,7738,6.18421052631579,5.38297872340426,low,0,1,0.633502343137134
0,91,toyota,std,four,hatchback,fwd,front,95.7,0.799135031234983,0.894444444444444,0.882943143812709,2122,ohc,four,98,2bbl,3.19,3.03,9,70,4800,28,34,8358,8.39285714285714,7.44117647058824,low,0,1,0.631111768257371
0,91,toyota,std,four,sedan,fwd,front,95.7,0.799135031234983,0.894444444444444,0.882943143812709,2140,ohc,four,98,2bbl,3.19,3.03,9,70,4800,28,34,9258,8.39285714285714,7.44117647058824,low,0,1,0.631111768257371
1,168,toyota,std,two,sedan,rwd,front,94.5,0.810667948101874,0.888888888888889,0.879598662207358,2169,ohc,four,98,2bbl,3.19,3.03,9,70,4800,29,34,8058,8.10344827586207,7.44117647058824,low,0,1,0.633833282350926
1,168,toyota,std,two,hatchback,rwd,front,94.5,0.810667948101874,0.888888888888889,0.879598662207358,2204,ohc,four,98,2bbl,3.19,3.03,9,70,4800,29,34,8238,8.10344827586207,7.44117647058824,low,0,1,0.633833282350926
1,168,toyota,std,two,sedan,rwd,front,94.5,0.810667948101874,0.888888888888889,0.879598662207358,2265,dohc,four,98,mpfi,3.24,3.08,9.4,112,6600,26,29,9298,9.03846153846154,8.72413793103448,low,0,1,0.633833282350926
1,168,toyota,std,two,hatchback,rwd,front,94.5,0.810667948101874,0.888888888888889,0.879598662207358,2300,dohc,four,98,mpfi,3.24,3.08,9.4,112,6600,26,29,9538,9.03846153846154,8.72413793103448,low,0,1,0.633833282350926
2,134,toyota,std,two,hardtop,rwd,front,98.4,0.846708313310908,0.911111111111111,0.869565217391304,2540,ohc,four,146,mpfi,3.62,3.5,9.3,116,4800,24,30,8449,9.79166666666667,8.43333333333333,low,0,1,0.670822045328449
2,134,toyota,std,two,hardtop,rwd,front,98.4,0.846708313310908,0.911111111111111,0.869565217391304,2536,ohc,four,146,mpfi,3.62,3.5,9.3,116,4800,24,30,9639,9.79166666666667,8.43333333333333,low,0,1,0.670822045328449
2,134,toyota,std,two,hatchback,rwd,front,98.4,0.846708313310908,0.911111111111111,0.869565217391304,2551,ohc,four,146,mpfi,3.62,3.5,9.3,116,4800,24,30,9989,9.79166666666667,8.43333333333333,low,0,1,0.670822045328449
2,134,toyota,std,two,hardtop,rwd,front,98.4,0.846708313310908,0.911111111111111,0.869565217391304,2679,ohc,four,146,mpfi,3.62,3.5,9.3,116,4800,24,30,11199,9.79166666666667,8.43333333333333,low,0,1,0.670822045328449
2,134,toyota,std,two,hatchback,rwd,front,98.4,0.846708313310908,0.911111111111111,0.869565217391304,2714,ohc,four,146,mpfi,3.62,3.5,9.3,116,4800,24,30,11549,9.79166666666667,8.43333333333333,low,0,1,0.670822045328449
2,134,toyota,std,two,convertible,rwd,front,98.4,0.846708313310908,0.911111111111111,0.88628762541806,2975,ohc,four,146,mpfi,3.62,3.5,9.3,116,4800,24,30,17669,9.79166666666667,8.43333333333333,low,0,1,0.683722469277073
-1,65,toyota,std,four,sedan,fwd,front,102.4,0.843825084094185,0.923611111111111,0.918060200668896,2326,ohc,four,122,mpfi,3.31,3.54,8.7,92,4200,29,34,8948,8.10344827586207,7.44117647058824,low,0,1,0.715505111544328
-1,65,toyota,turbo,four,sedan,fwd,front,102.4,0.843825084094185,0.923611111111111,0.918060200668896,2480,ohc,four,110,idi,3.27,3.35,22.5,73,4500,30,33,10698,7.83333333333333,7.66666666666667,low,1,0,0.715505111544328
-1,65,toyota,std,four,hatchback,fwd,front,102.4,0.843825084094185,0.923611111111111,0.901337792642141,2414,ohc,four,122,mpfi,3.31,3.54,8.7,92,4200,27,32,9988,8.7037037037037,7.90625,low,0,1,0.702472231552628
-1,65,toyota,std,four,sedan,fwd,front,102.4,0.843825084094185,0.923611111111111,0.918060200668896,2414,ohc,four,122,mpfi,3.31,3.54,8.7,92,4200,27,32,10898,8.7037037037037,7.90625,low,0,1,0.715505111544328
-1,65,toyota,std,four,hatchback,fwd,front,102.4,0.843825084094185,0.923611111111111,0.901337792642141,2458,ohc,four,122,mpfi,3.31,3.54,8.7,92,4200,27,32,11248,8.7037037037037,7.90625,low,0,1,0.702472231552628
3,197,toyota,std,two,hatchback,rwd,front,102.9,0.881787602114368,0.940277777777778,0.869565217391304,2976,dohc,six,171,mpfi,3.27,3.35,9.3,161,5200,20,24,16558,11.75,10.5416666666667,medium,0,1,0.720978510424429
3,197,toyota,std,two,hatchback,rwd,front,102.9,0.881787602114368,0.940277777777778,0.869565217391304,3016,dohc,six,171,mpfi,3.27,3.35,9.3,161,5200,19,24,15998,12.3684210526316,10.5416666666667,medium,0,1,0.720978510424429
-1,90,toyota,std,four,sedan,rwd,front,104.5,0.902450744834214,0.923611111111111,0.904682274247492,3131,dohc,six,171,mpfi,3.27,3.35,9.2,156,5200,20,24,15690,11.75,10.5416666666667,medium,0,1,0.754064920604053
-1,121,toyota,std,four,wagon,rwd,front,104.5,0.902450744834214,0.923611111111111,0.904682274247492,3151,dohc,six,161,mpfi,3.27,3.35,9.2,156,5200,19,24,15750,12.3684210526316,10.5416666666667,medium,0,1,0.754064920604053
2,122,volkswagen,std,two,sedan,fwd,front,97.3,0.825084094185488,0.909722222222222,0.931438127090301,2261,ohc,four,97,idi,3.01,3.4,23,52,4800,37,46,7775,6.35135135135135,5.5,low,1,0,0.6991349765472
2,122,volkswagen,std,two,sedan,fwd,front,97.3,0.825084094185488,0.909722222222222,0.931438127090301,2209,ohc,four,109,mpfi,3.19,3.4,9,85,5250,27,34,7975,8.7037037037037,7.44117647058824,low,0,1,0.6991349765472
2,94,volkswagen,std,four,sedan,fwd,front,97.3,0.825084094185488,0.909722222222222,0.931438127090301,2264,ohc,four,97,idi,3.01,3.4,23,52,4800,37,46,7995,6.35135135135135,5.5,low,1,0,0.6991349765472
2,94,volkswagen,std,four,sedan,fwd,front,97.3,0.825084094185488,0.909722222222222,0.931438127090301,2212,ohc,four,109,mpfi,3.19,3.4,9,85,5250,27,34,8195,8.7037037037037,7.44117647058824,low,0,1,0.6991349765472
2,94,volkswagen,std,four,sedan,fwd,front,97.3,0.825084094185488,0.909722222222222,0.931438127090301,2275,ohc,four,109,mpfi,3.19,3.4,9,85,5250,27,34,8495,8.7037037037037,7.44117647058824,low,0,1,0.6991349765472
2,94,volkswagen,turbo,four,sedan,fwd,front,97.3,0.825084094185488,0.909722222222222,0.931438127090301,2319,ohc,four,97,idi,3.01,3.4,23,68,4500,37,42,9495,6.35135135135135,6.02380952380952,low,1,0,0.6991349765472
2,94,volkswagen,std,four,sedan,fwd,front,97.3,0.825084094185488,0.909722222222222,0.931438127090301,2300,ohc,four,109,mpfi,3.19,3.4,10,100,5500,26,32,9995,9.03846153846154,7.90625,low,0,1,0.6991349765472
3,121,volkswagen,std,two,convertible,fwd,front,94.5,0.765497357039885,0.891666666666667,0.929765886287625,2254,ohc,four,109,mpfi,3.19,3.4,8.5,90,5500,24,29,11595,9.79166666666667,8.72413793103448,low,0,1,0.634628884685296
3,256,volkswagen,std,two,hatchback,fwd,front,94.5,0.79625180201826,0.888888888888889,0.859531772575251,2221,ohc,four,109,mpfi,3.19,3.4,8.5,90,5500,24,29,9980,9.79166666666667,8.72413793103448,low,0,1,0.608358864715549
0,121,volkswagen,std,four,sedan,fwd,front,100.4,0.865929841422393,0.929166666666667,0.921404682274248,2661,ohc,five,136,mpfi,3.19,3.4,8.5,110,5500,19,24,13295,12.3684210526316,10.5416666666667,low,0,1,0.741355890503719
0,121,volkswagen,turbo,four,sedan,fwd,front,100.4,0.865929841422393,0.929166666666667,0.921404682274248,2579,ohc,four,97,idi,3.01,3.4,23,68,4500,33,38,13845,7.12121212121212,6.65789473684211,low,1,0,0.741355890503719
0,121,volkswagen,std,four,wagon,fwd,front,100.4,0.87986544930322,0.929166666666667,0.921404682274248,2563,ohc,four,109,mpfi,3.19,3.4,9,88,5500,25,31,12290,9.4,8.16129032258065,low,0,1,0.753286701172202
-2,103,volvo,std,four,sedan,rwd,front,104.3,0.907256126862086,0.933333333333333,0.939799331103679,2912,ohc,four,141,mpfi,3.78,3.15,9.5,114,5400,23,28,12940,10.2173913043478,9.03571428571429,low,0,1,0.795796121087056
-1,74,volvo,std,four,wagon,rwd,front,104.3,0.907256126862086,0.933333333333333,0.961538461538462,3034,ohc,four,141,mpfi,3.78,3.15,9.5,114,5400,23,28,13415,10.2173913043478,9.03571428571429,low,0,1,0.814204216414692
-2,103,volvo,std,four,sedan,rwd,front,104.3,0.907256126862086,0.933333333333333,0.939799331103679,2935,ohc,four,141,mpfi,3.78,3.15,9.5,114,5400,24,28,15985,9.79166666666667,9.03571428571429,low,0,1,0.795796121087056
-1,74,volvo,std,four,wagon,rwd,front,104.3,0.907256126862086,0.933333333333333,0.961538461538462,3042,ohc,four,141,mpfi,3.78,3.15,9.5,114,5400,24,28,16515,9.79166666666667,9.03571428571429,low,0,1,0.814204216414692
-2,103,volvo,turbo,four,sedan,rwd,front,104.3,0.907256126862086,0.933333333333333,0.939799331103679,3045,ohc,four,130,mpfi,3.62,3.15,7.5,162,5100,17,22,18420,13.8235294117647,11.5,medium,0,1,0.795796121087056
-1,74,volvo,turbo,four,wagon,rwd,front,104.3,0.907256126862086,0.933333333333333,0.961538461538462,3157,ohc,four,130,mpfi,3.62,3.15,7.5,162,5100,17,22,18950,13.8235294117647,11.5,medium,0,1,0.814204216414692
-1,95,volvo,std,four,sedan,rwd,front,109.1,0.907256126862086,0.956944444444444,0.92809364548495,2952,ohc,four,141,mpfi,3.78,3.15,9.5,114,5400,23,28,16845,10.2173913043478,9.03571428571429,low,0,1,0.80576506556909
-1,95,volvo,turbo,four,sedan,rwd,front,109.1,0.907256126862086,0.955555555555555,0.92809364548495,3049,ohc,four,141,mpfi,3.78,3.15,8.7,160,5300,19,25,19045,12.3684210526316,10.12,medium,0,1,0.80459559522719
-1,95,volvo,std,four,sedan,rwd,front,109.1,0.907256126862086,0.956944444444444,0.92809364548495,3012,ohcv,six,173,mpfi,3.58,2.87,8.8,134,5500,18,23,21485,13.0555555555556,11,medium,0,1,0.80576506556909
-1,95,volvo,turbo,four,sedan,rwd,front,109.1,0.907256126862086,0.956944444444444,0.92809364548495,3217,ohc,six,145,idi,3.01,3.4,23,106,4800,26,27,22470,9.03846153846154,9.37037037037037,low,1,0,0.80576506556909
-1,95,volvo,turbo,four,sedan,rwd,front,109.1,0.907256126862086,0.956944444444444,0.92809364548495,3062,ohc,four,141,mpfi,3.78,3.15,9.5,114,5400,19,25,22625,12.3684210526316,10.12,low,0,1,0.80576506556909
2,160,cadillac,std,two,convertible,rwd,front,96.6,0.765497357039885,0.891666666666667,0.849498327759197,2800,dohc,four,130,mpfi,3.52,2.64,9,90,5500,30,34,9250,7.83333333333333,7.44117647058824,low,0,1,0.579840779532608
1,104,ford,std,four,sedan,fwd,front,105.8,0.90821720326766,0.929166666666667,0.921404682274248,2524,ohc,four,140,mpfi,3,3.11,8.5,114,5400,23,28,10345,10.2173913043478,9.03571428571429,low,0,1,0.777559729773601
0,121,ford,std,two,hatchback,fwd,front,98.4,0.844305622296973,1,0.908026755852843,2155,ohc,four,140,mpfi,3,3.11,8.5,114,5400,23,28,8238,10.2173913043478,9.03571428571429,low,0,1,0.766652095162636
1,104,ford,std,four,wagon,fwd,front,98.4,0.844305622296973,1,0.908026755852843,2425,ohc,four,122,mpfi,3.31,3.54,8.7,88,5000,25,30,8921,9.4,8.43333333333333,low,0,1,0.766652095162636
0,121,chrysler,std,four,sedan,fwd,front,105.8,0.90821720326766,0.929166666666667,0.921404682274248,2524,ohc,four,140,mpfi,3,3.11,8.5,114,5400,23,28,10345,10.2173913043478,9.03571428571429,low,0,1,0.777559729773601
-1,121,chrysler,std,two,hatchback,fwd,front,98.4,0.844305622296973,1,0.908026755852843,2155,ohc,four,140,mpfi,3,3.11,8.5,114,5400,23,28,8238,10.2173913043478,9.03571428571429,low,0,1,0.766652095162636
1,104,chrysler,std,four,wagon,fwd,front,98.4,0.844305622296973,1,0.908026755852843,2425,ohc,four,122,mpfi,3.31,3.54,8.7,88,5000,25,30,8921,9.4,8.43333333333333,low,0,1,0.766652095162636
0,121,gmc,std,four,sedan,fwd,front,105.8,0.90821720326766,0.929166666666667,0.921404682274248,2524,ohc,four,140,mpfi,3,3.11,8.5,114,5400,23,28,10345,10.2173913043478,9.03571428571429,low,0,1,0.777559729773601
-1,121,gmc,std,two,hatchback,fwd,front,98.4,0.844305622296973,1,0.908026755852843,2155,ohc,four,140,mpfi,3,3.11,8.5,114,5400,23,28,8238,10.2173913043478,9.03571428571429,low,0,1,0.766652095162636
0,121,kia,std,four,sedan,fwd,front,100.4,0.865929841422393,0.929166666666667,0.921404682274248,2823,ohc,four,122,mpfi,3.31,3.54,8.7,88,5000,25,31,7975,9.4,8.16129032258065,low,0,1,0.741355890503719
1,121,kia,std,four,wagon,fwd,front,102.4,0.902450744834214,0.923611111111111,0.92809364548495,2935,ohc,four,122,mpfi,3.31,3.54,9,88,5000,24,29,8189,9.79166666666667,8.72413793103448,low,0,1,0.773578615407116
2,102,kia,std,two,hatchback,rwd,front,95.3,0.812109562710235,0.9125,0.82943143812709,2380,ohc,four,122,mpfi,3.31,3.54,9,88,5000,26,31,9295,9.03846153846154,8.16129032258065,low,0,1,0.614650147295406
2,160,cadillac,std,two,convertible,rwd,front,96.6,0.765497357039885,0.891666666666667,0.849498327759197,2800,dohc,four,130,mpfi,3.52,2.64,9,90,5500,30,34,9250,7.83333333333333,7.44117647058824,low,0,1,0.579840779532608
1,104,ford,std,four,sedan,fwd,front,105.8,0.90821720326766,0.929166666666667,0.921404682274248,2524,ohc,four,140,mpfi,3,3.11,8.5,114,5400,23,28,10345,10.2173913043478,9.03571428571429,low,0,1,0.777559729773601
0,121,ford,std,two,hatchback,fwd,front,98.4,0.844305622296973,1,0.908026755852843,2155,ohc,four,140,mpfi,3,3.11,8.5,114,5400,23,28,8238,10.2173913043478,9.03571428571429,low,0,1,0.766652095162636
1,104,ford,std,four,wagon,fwd,front,98.4,0.844305622296973,1,0.908026755852843,2425,ohc,four,122,mpfi,3.31,3.54,8.7,88,5000,25,30,8921,9.4,8.43333333333333,low,0,1,0.766652095162636
0,121,chrysler,std,four,sedan,fwd,front,105.8,0.90821720326766,0.929166666666667,0.921404682274248,2524,ohc,four,140,mpfi,3,3.11,8.5,114,5400,23,28,10345,10.2173913043478,9.03571428571429,low,0,1,0.777559729773601
-1,121,chrysler,std,two,hatchback,fwd,front,98.4,0.844305622296973,1,0.908026755852843,2155,ohc,four,140,mpfi,3,3.11,8.5,114,5400,23,28,8238,10.2173913043478,9.03571428571429,low,0,1,0.766652095162636
1,104,chrysler,std,four,wagon,fwd,front,98.4,0.844305622296973,1,0.908026755852843,2425,ohc,four,122,mpfi,3.31,3.54,8.7,88,5000,25,30,8921,9.4,8.43333333333333,low,0,1,0.766652095162636
0,121,gmc,std,four,sedan,fwd,front,105.8,0.90821720326766,0.929166666666667,0.921404682274248,2524,ohc,four,140,mpfi,3,3.11,8.5,114,5400,23,28,10345,10.2173913043478,9.03571428571429,low,0,1,0.777559729773601
-1,121,gmc,std,two,hatchback,fwd,front,98.4,0.844305622296973,1,0.908026755852843,2155,ohc,four,140,mpfi,3,3.11,8.5,114,5400,23,28,8238,10.2173913043478,9.03571428571429,low,0,1,0.766652095162636
0,121,kia,std,four,sedan,fwd,front,100.4,0.865929841422393,0.929166666666667,0.921404682274248,2823,ohc,four,122,mpfi,3.31,3.54,8.7,88,5000,25,31,7975,9.4,8.16129032258065,low,0,1,0.741355890503719
1,121,kia,std,four,wagon,fwd,front,102.4,0.902450744834214,0.923611111111111,0.92809364548495,2935,ohc,four,122,mpfi,3.31,3.54,9,88,5000,24,29,8189,9.79166666666667,8.72413793103448,low,0,1,0.773578615407116
2,102,kia,std,two,hatchback,rwd,front,95.3,0.812109562710235,0.9125,0.82943143812709,2380,ohc,four,122,mpfi,3.31,3.54,9,88,5000,26,31,9295,9.03846153846154,8.16129032258065,low,0,1,0.614650147295406
